KIR_gene	refsnp_id	ModelVariantName	Chr	Pos	CountedAllele	Importance
KIR_2DL1	rs582619	chr19_54789277_G	19	54789277	G	0.013779288833462
KIR_2DL1	rs583153	chr19_54789442_C	19	54789442	C	0.0133966275612278
KIR_2DL1	rs583969	chr19_54789553_T	19	54789553	T	0.00461405760919369
KIR_2DL1	rs588292	chr19_54789659_G	19	54789659	G	0.00128149771126554
KIR_2DL1	rs660575	chr19_54788617_T	19	54788617	T	0.000842898116049218
KIR_2DL1	rs12460776	chr19_54687475_A	19	54687475	A	0.00024746403975179
KIR_2DL1	rs200304792	chr19_54732469_C	19	54732469	C	0.000202354621964438
KIR_2DL1	rs556232094	chr19_54920225_A	19	54920225	A	0.000152488045102635
KIR_2DL1	rs1639425	chr19_54737392_G	19	54737392	G	8.3458661546784e-05
KIR_2DL1	rs35719984	chr19_54742075_G	19	54742075	G	7.97285240993326e-05
KIR_2DL1		chr19_54738696_A	19	54738696	A	7.02612679543221e-05
KIR_2DL1	rs648029	chr19_54734389_G	19	54734389	G	7.01577128334326e-05
KIR_2DL1	rs528759713	chr19_54694889_A	19	54694889	A	6.90004774830469e-05
KIR_2DL1	rs1166822345	chr19_54694889_A	19	54694889	A	6.90004774830469e-05
KIR_2DL1	rs10409751	chr19_54738105_C	19	54738105	C	6.81317724418671e-05
KIR_2DL1	rs34604205	chr19_54742464_G	19	54742464	G	6.50393946956693e-05
KIR_2DL1	rs587560	chr19_54734271_T	19	54734271	T	6.03693824493681e-05
KIR_2DL1	rs12975904	chr19_54691803_C	19	54691803	C	6.03129667538192e-05
KIR_2DL1	rs1555895269	chr19_54741124_G	19	54741124	G	5.60007805576226e-05
KIR_2DL1	rs9797798	chr19_54740611_T	19	54740611	T	5.03055135122799e-05
KIR_2DL1	rs1600359790	chr19_54743789_CT	19	54743789	CT	5.02526580156946e-05
KIR_2DL2		chr19_54738696_A	19	54738696	A	0.260388550130985
KIR_2DL2	rs1555895269	chr19_54741124_G	19	54741124	G	0.0312077645056503
KIR_2DL2	rs1568923786	chr19_54740462_A	19	54740462	A	0.0309085088422083
KIR_2DL2	rs34351816	chr19_54738065_C	19	54738065	C	0.0296675164271857
KIR_2DL2	rs1639427	chr19_54741104_T	19	54741104	T	0.0282747606277564
KIR_2DL2	rs34604205	chr19_54742464_G	19	54742464	G	0.0273926574905209
KIR_2DL2	rs1639425	chr19_54737392_G	19	54737392	G	0.024425673377619
KIR_2DL2	rs35927204	chr19_54742314_C	19	54742314	C	0.0242959392150495
KIR_2DL2	rs35719984	chr19_54742075_G	19	54742075	G	0.0183548913866549
KIR_2DL2	rs647211	chr19_54734250_C	19	54734250	C	0.00185539589038361
KIR_2DL2	rs587560	chr19_54734271_T	19	54734271	T	0.000694851292985621
KIR_2DL2	rs143243760	chr19_54520548_T	19	54520548	T	6.84250383861734e-05
KIR_2DL2	rs144267484	chr19_54514855_C	19	54514855	C	5.40793446664922e-05
KIR_2DL3	rs35927204	chr19_54742314_C	19	54742314	C	0.0131316170620095
KIR_2DL3	rs587560	chr19_54734271_T	19	54734271	T	0.0130545282286658
KIR_2DL3	rs34604205	chr19_54742464_G	19	54742464	G	0.0128295552744557
KIR_2DL3	rs1555895269	chr19_54741124_G	19	54741124	G	0.0121973523795254
KIR_2DL3	rs1639427	chr19_54741104_T	19	54741104	T	0.012175935878195
KIR_2DL3	rs1639425	chr19_54737392_G	19	54737392	G	0.0118691106478754
KIR_2DL3		chr19_54738696_A	19	54738696	A	0.011692945042555
KIR_2DL3	rs647211	chr19_54734250_C	19	54734250	C	0.0112356120878946
KIR_2DL3	rs34351816	chr19_54738065_C	19	54738065	C	0.0111990210605847
KIR_2DL3	rs1568923786	chr19_54740462_A	19	54740462	A	0.00526936765756886
KIR_2DL5	rs35080576	chr19_54828101_G	19	54828101	G	0.234343232748209
KIR_2DL5	rs1743332	chr19_54824263_T	19	54824263	T	0.028008190926623
KIR_2DL5	rs8106789	chr19_54772536_G	19	54772536	G	0.026662227150961
KIR_2DL5	rs4806542	chr19_54758732_A	19	54758732	A	0.0141990536719975
KIR_2DL5	rs200609726	chr19_54758731_C	19	54758731	C	0.0141117291789324
KIR_2DL5	rs386810962	chr19_54758731_C	19	54758731	C	0.0141117291789324
KIR_2DL5	rs386810962	chr19_54758731_C	19	54758731	C	0.0141117291789324
KIR_2DL5	rs142418001	chr19_54758198_C	19	54758198	C	0.0131341899489589
KIR_2DL5	rs115856311	chr19_54758227_C	19	54758227	C	0.011074582035869
KIR_2DL5	rs62124133	chr19_54825429_T	19	54825429	T	0.00932671433964056
KIR_2DL5	rs888645936	chr19_54772050_T	19	54772050	T	0.00929285181032535
KIR_2DL5	rs2916041	chr19_54825430_G	19	54825430	G	0.00894428059445698
KIR_2DL5	rs1219632083	chr19_54825430_G	19	54825430	G	0.00894428059445698
KIR_2DL5	rs111763569	chr19_54774386_T	19	54774386	T	0.00873040514834341
KIR_2DL5	rs625718	chr19_54824717_C	19	54824717	C	0.00852613931783777
KIR_2DL5	rs370655147	chr19_54772048_C	19	54772048	C	0.00838442487249767
KIR_2DL5	rs386810970	chr19_54772048_C	19	54772048	C	0.00838442487249767
KIR_2DL5	rs1556003612	chr19_54772048_C	19	54772048	C	0.00838442487249767
KIR_2DL5	rs386810970	chr19_54772048_C	19	54772048	C	0.00838442487249767
KIR_2DL5	rs1556003612	chr19_54772048_C	19	54772048	C	0.00838442487249767
KIR_2DL5	rs386810970	chr19_54772048_C	19	54772048	C	0.00838442487249767
KIR_2DL5	rs1556003612	chr19_54772048_C	19	54772048	C	0.00838442487249767
KIR_2DL5	rs386810970	chr19_54772048_C	19	54772048	C	0.00838442487249767
KIR_2DL5	rs1556003612	chr19_54772048_C	19	54772048	C	0.00838442487249767
KIR_2DL5	rs200240090	chr19_54774312_C	19	54774312	C	0.00832875668090259
KIR_2DL5	rs631263	chr19_54825339_A	19	54825339	A	0.00767249044269199
KIR_2DL5	rs631687	chr19_54825421_C	19	54825421	C	0.00765120370261713
KIR_2DL5	rs1331842713	chr19_54772049_ACTG	19	54772049	ACTG	0.00727971494092655
KIR_2DL5	rs77740093	chr19_54835981_C	19	54835981	C	0.00720588726457955
KIR_2DL5	rs112488525	chr19_54774394_G	19	54774394	G	0.00707713357502832
KIR_2DL5	rs62124130	chr19_54825145_C	19	54825145	C	0.00656665766198093
KIR_2DL5	rs374021335	chr19_54772052_G	19	54772052	G	0.00656107405799719
KIR_2DL5	rs625698	chr19_54824701_G	19	54824701	G	0.0062221888168439
KIR_2DL5	rs618323	chr19_54824723_C	19	54824723	C	0.0059987019679923
KIR_2DL5	rs10408729	chr19_54760546_C	19	54760546	C	0.00532217340881371
KIR_2DL5	rs638584	chr19_54825356_G	19	54825356	G	0.00528047725557462
KIR_2DL5	rs35641303	chr19_54772176_G	19	54772176	G	0.00315110222592756
KIR_2DL5	rs62122181	chr19_54835911_G	19	54835911	G	0.00271707452095863
KIR_2DL5	rs35959464	chr19_54772175_A	19	54772175	A	0.00270913251448255
KIR_2DL5	rs386810971	chr19_54772175_A	19	54772175	A	0.00270913251448255
KIR_2DL5	rs386810971	chr19_54772175_A	19	54772175	A	0.00270913251448255
KIR_2DL5	rs660437	chr19_54813377_A	19	54813377	A	0.00204267086853425
KIR_2DL5	rs376251430	chr19_54771302_A	19	54771302	A	0.00147536096892338
KIR_2DL5	rs34083523	chr19_54771610_A	19	54771610	A	0.00147261172140655
KIR_2DL5	rs75893455	chr19_54836084_G	19	54836084	G	0.001435199012781
KIR_2DL5	rs594307	chr19_54822350_C	19	54822350	C	0.00143101062694937
KIR_2DL5	rs76866967	chr19_54818758_A	19	54818758	A	0.00126446352093836
KIR_2DL5	rs652671	chr19_54813668_C	19	54813668	C	0.00124678622018314
KIR_2DL5	rs4806576	chr19_54828103_G	19	54828103	G	0.00118766049692548
KIR_2DL5	rs583070	chr19_54822164_C	19	54822164	C	0.00112179669629873
KIR_2DL5	rs74813291	chr19_54836220_G	19	54836220	G	0.00111141680542577
KIR_2DL5	rs75125148	chr19_54836035_C	19	54836035	C	0.00107789041234151
KIR_2DL5	rs386810986	chr19_54836035_C	19	54836035	C	0.00107789041234151
KIR_2DL5	rs386810986	chr19_54836035_C	19	54836035	C	0.00107789041234151
KIR_2DL5	rs72626297	chr19_54818732_C	19	54818732	C	0.00103485059487328
KIR_2DL5	rs77303517	chr19_54836036_A	19	54836036	A	0.00100392865956893
KIR_2DL5	rs75981924	chr19_54836206_T	19	54836206	T	0.000977207671817377
KIR_2DL5	rs3117643	chr19_54827610_G	19	54827610	G	0.000958824806753945
KIR_2DL5	rs367957090	chr19_54770585_C	19	54770585	C	0.000938223444150161
KIR_2DL5	rs3097896	chr19_54827662_C	19	54827662	C	0.000847909400473285
KIR_2DL5	rs17173079	chr19_54773262_C	19	54773262	C	0.000823657813077657
KIR_2DL5	rs670795	chr19_54795193_G	19	54795193	G	0.000758645728031671
KIR_2DL5	rs586962	chr19_54822363_A	19	54822363	A	0.00068428133329277
KIR_2DL5	rs78732506	chr19_54832715_T	19	54832715	T	0.000682513392978879
KIR_2DL5	rs545720655	chr19_54501951_G	19	54501951	G	0.000677896063698548
KIR_2DL5	rs35886422	chr19_54824450_A	19	54824450	A	0.000674185185790983
KIR_2DL5	rs149331942	chr19_54827940_C	19	54827940	C	0.000580889355198291
KIR_2DL5	rs62124147	chr19_54827742_A	19	54827742	A	0.00055832004761268
KIR_2DL5	rs71367108	chr19_54824266_A	19	54824266	A	0.000526624436592128
KIR_2DL5	rs625788	chr19_54805678_T	19	54805678	T	0.000503636791291774
KIR_2DL5	rs551099007	chr19_54420598_G	19	54420598	G	0.000489267421837988
KIR_2DL5	rs35461725	chr19_54864836_C	19	54864836	C	0.000481762506630948
KIR_2DL5	rs12461104	chr19_54845567_C	19	54845567	C	0.000438658033705503
KIR_2DL5	rs2295802	chr19_54803852_G	19	54803852	G	0.000413083527591105
KIR_2DL5	rs657781	chr19_54806816_C	19	54806816	C	0.000409170632638676
KIR_2DL5	rs685323	chr19_54795911_C	19	54795911	C	0.000403213478659616
KIR_2DL5	rs3117642	chr19_54827491_G	19	54827491	G	0.000370230081569051
KIR_2DL5	rs600898	chr19_54809212_C	19	54809212	C	0.000369187801441127
KIR_2DL5	rs35189301	chr19_54849220_T	19	54849220	T	0.00036245986071547
KIR_2DL5	rs3855676	chr19_54766787_C	19	54766787	C	0.000309217644757431
KIR_2DL5	rs684941	chr19_54816238_A	19	54816238	A	0.000299337076197695
KIR_2DL5	rs35043300	chr19_54865069_T	19	54865069	T	0.000275373377429733
KIR_2DL5	rs77109618	chr19_54818697_G	19	54818697	G	0.00027536231884058
KIR_2DL5	rs604076	chr19_54803871_C	19	54803871	C	0.000271877428127428
KIR_2DL5	rs144332981	chr19_54621599_A	19	54621599	A	0.000270227341108467
KIR_2DL5		chr19_54821003_AGATGATGAT	19	54821003	AGATGATGAT	0.000261420234441817
KIR_2DL5	rs592645	chr19_54809472_A	19	54809472	A	0.000260644903354576
KIR_2DL5	rs113682778	chr19_54420459_A	19	54420459	A	0.000251910365285806
KIR_2DL5	rs600888	chr19_54860473_G	19	54860473	G	0.000242609112109896
KIR_2DL5	rs151262295	chr19_54827926_C	19	54827926	C	0.000240557389072241
KIR_2DL5	rs386810983	chr19_54827926_C	19	54827926	C	0.000240557389072241
KIR_2DL5	rs658919	chr19_54794831_C	19	54794831	C	0.000239592622980059
KIR_2DL5	rs79044293	chr19_54609147_A	19	54609147	A	0.000234253008890618
KIR_2DL5	rs34370734	chr19_54802679_A	19	54802679	A	0.00022608511267323
KIR_2DL5	rs634254	chr19_54818479_G	19	54818479	G	0.000219133056544089
KIR_2DL5	rs667263	chr19_54814646_C	19	54814646	C	0.000215117012950948
KIR_2DL5	rs35654547	chr19_54801543_T	19	54801543	T	0.00020622599397531
KIR_2DL5	rs679057	chr19_54821146_T	19	54821146	T	0.000195586335494564
KIR_2DL5	rs145320563	chr19_54642541_C	19	54642541	C	0.000194471930473939
KIR_2DL5	rs34015747	chr19_54801760_C	19	54801760	C	0.000190927092303825
KIR_2DL5	rs587848	chr19_54822560_C	19	54822560	C	0.000190068493150685
KIR_2DL5	rs674712	chr19_54820818_G	19	54820818	G	0.000189138576779026
KIR_2DL5	rs35160118	chr19_54802639_C	19	54802639	C	0.000184889319566041
KIR_2DL5	rs146110080	chr19_54856033_A	19	54856033	A	0.00017463824187268
KIR_2DL5	rs68073583	chr19_54856033_A	19	54856033	A	0.00017463824187268
KIR_2DL5	rs17771979	chr19_54872451_A	19	54872451	A	0.000174388506038572
KIR_2DL5	rs604077	chr19_54809941_T	19	54809941	T	0.00017239403753217
KIR_2DL5	rs17772004	chr19_54873950_A	19	54873950	A	0.000169827524344519
KIR_2DL5	rs62124096	chr19_54818928_G	19	54818928	G	0.000161592830998359
KIR_2DL5	rs667271	chr19_54851595_A	19	54851595	A	0.000157613690824544
KIR_2DL5	rs368863055	chr19_54822743_T	19	54822743	T	0.000153810825660697
KIR_2DL5	rs35451404	chr19_54799646_G	19	54799646	G	0.000152525219699786
KIR_2DL5	rs688250	chr19_54821506_G	19	54821506	G	0.000152173913043478
KIR_2DL5	rs659565	chr19_54807205_T	19	54807205	T	0.00015192538775812
KIR_2DL5	rs62124152	chr19_54828444_C	19	54828444	C	0.000145985401459854
KIR_2DL5	rs190748915	chr19_54585482_T	19	54585482	T	0.000137321727032793
KIR_2DL5	rs688276	chr19_54821518_G	19	54821518	G	0.000136206896551724
KIR_2DL5	rs17771961	chr19_54811638_G	19	54811638	G	0.000135130870604658
KIR_2DL5	rs145603333	chr19_54820170_C	19	54820170	C	0.000131879896732868
KIR_2DL5	rs185767446	chr19_54810151_T	19	54810151	T	0.000126388218836144
KIR_2DL5	rs621169	chr19_54805365_C	19	54805365	C	0.000122890597070034
KIR_2DL5	rs187656554	chr19_54806770_T	19	54806770	T	0.000122345744325577
KIR_2DL5	rs608316	chr19_54810646_G	19	54810646	G	0.000121248018132198
KIR_2DL5	rs386810976	chr19_54810646_G	19	54810646	G	0.000121248018132198
KIR_2DL5	rs878907724	chr19_54810646_G	19	54810646	G	0.000121248018132198
KIR_2DL5	rs1378028428	chr19_54810646_G	19	54810646	G	0.000121248018132198
KIR_2DL5	rs386810976	chr19_54810646_G	19	54810646	G	0.000121248018132198
KIR_2DL5	rs878907724	chr19_54810646_G	19	54810646	G	0.000121248018132198
KIR_2DL5	rs1378028428	chr19_54810646_G	19	54810646	G	0.000121248018132198
KIR_2DL5	rs182653738	chr19_54815844_A	19	54815844	A	0.000120748310492123
KIR_2DL5	rs673316	chr19_54820520_A	19	54820520	A	0.000114840989399293
KIR_2DL5	rs3117640	chr19_54827378_A	19	54827378	A	0.000108758200392915
KIR_2DL5	rs374413343	chr19_54806069_A	19	54806069	A	0.000107487858635111
KIR_2DL5	rs1264603142	chr19_54806069_A	19	54806069	A	0.000107487858635111
KIR_2DL5	rs1056536529	chr19_54975747_T	19	54975747	T	0.000106287416012361
KIR_2DL5	rs618835	chr19_54804874_G	19	54804874	G	0.000105617219597344
KIR_2DL5	rs368264873	chr19_54801018_T	19	54801018	T	9.95242260264274e-05
KIR_2DL5	rs189714600	chr19_54828003_C	19	54828003	C	9.8227592860483e-05
KIR_2DL5	rs603611	chr19_54823747_T	19	54823747	T	9.375e-05
KIR_2DL5	rs371261951	chr19_54810630_C	19	54810630	C	9.29458133747503e-05
KIR_2DL5	rs372436051	chr19_54793716_A	19	54793716	A	9.26961101097425e-05
KIR_2DL5	rs2295805	chr19_54825246_A	19	54825246	A	9.01238161502226e-05
KIR_2DL5	rs185944096	chr19_54822294_A	19	54822294	A	8.97781429433142e-05
KIR_2DL5		chr19_54810126_G	19	54810126	G	8.89368763612215e-05
KIR_2DL5	rs4806561	chr19_54800729_T	19	54800729	T	8.87721410267242e-05
KIR_2DL5	rs111803848	chr19_54802427_T	19	54802427	T	8.81510658130811e-05
KIR_2DL5	rs639850	chr19_54851264_G	19	54851264	G	8.79395425744001e-05
KIR_2DL5	rs143159382	chr19_54818564_T	19	54818564	T	8.32180516756104e-05
KIR_2DL5	CM035771	chr19_54818564_T	19	54818564	T	8.32180516756104e-05
KIR_2DL5	rs34597621	chr19_54860058_A	19	54860058	A	8.27575298863731e-05
KIR_2DL5	rs3745902	chr19_54866553_T	19	54866553	T	7.82650756147261e-05
KIR_2DL5	CM1111041	chr19_54866553_T	19	54866553	T	7.82650756147261e-05
KIR_2DL5	rs34727739	chr19_54828148_A	19	54828148	A	7.5438596491228e-05
KIR_2DL5	rs187614686	chr19_54928697_A	19	54928697	A	7.31428642384768e-05
KIR_2DL5	rs17173113	chr19_54810746_C	19	54810746	C	6.64347717394452e-05
KIR_2DL5	rs376786209	chr19_54807705_C	19	54807705	C	6.62269569882664e-05
KIR_2DL5	rs617907	chr19_54810735_C	19	54810735	C	6.58101394773361e-05
KIR_2DL5	rs149123986	chr19_54818437_G	19	54818437	G	6.53142928862926e-05
KIR_2DL5	rs951218876	chr19_54781702_G	19	54781702	G	6.35855048336169e-05
KIR_2DL5	rs630497	chr19_54811269_A	19	54811269	A	6.16438356164384e-05
KIR_2DL5	rs602686	chr19_54823537_T	19	54823537	T	6.16212668198227e-05
KIR_2DL5	rs671649	chr19_54846001_C	19	54846001	C	6.00751651960433e-05
KIR_2DL5	rs144994606	chr19_54818399_A	19	54818399	A	5.96298620358676e-05
KIR_2DL5	rs76418659	chr19_54857217_G	19	54857217	G	5.41525218020123e-05
KIR_2DL5	rs11574583	chr19_54667327_A	19	54667327	A	5.35239064101444e-05
KIR_2DL5		chr19_54942706_A	19	54942706	A	5.33483910503226e-05
KIR_2DL5	rs3898893	chr19_54823491_C	19	54823491	C	5.32011774652535e-05
KIR_2DL5	rs113041062	chr19_54791863_A	19	54791863	A	5.26499027606718e-05
KIR_2DP1	rs582619	chr19_54789277_G	19	54789277	G	0.0139175762131846
KIR_2DP1	rs583153	chr19_54789442_C	19	54789442	C	0.0133355633671757
KIR_2DP1	rs583969	chr19_54789553_T	19	54789553	T	0.00488486013573438
KIR_2DP1	rs588292	chr19_54789659_G	19	54789659	G	0.00087424729127013
KIR_2DP1	rs660575	chr19_54788617_T	19	54788617	T	0.000873724249012083
KIR_2DP1	rs200304792	chr19_54732469_C	19	54732469	C	0.000257203943150534
KIR_2DP1	rs12460776	chr19_54687475_A	19	54687475	A	0.000223225971002303
KIR_2DP1	rs1639428	chr19_54741269_A	19	54741269	A	0.000106713558840604
KIR_2DP1	rs1639425	chr19_54737392_G	19	54737392	G	8.99769179310817e-05
KIR_2DP1	rs1639427	chr19_54741104_T	19	54741104	T	7.29883472275416e-05
KIR_2DP1	rs1600359790	chr19_54743789_CT	19	54743789	CT	7.19174644894587e-05
KIR_2DP1	rs1885389	chr19_54737408_C	19	54737408	C	6.44690804355076e-05
KIR_2DP1	rs1951435	chr19_54740379_A	19	54740379	A	6.09682241389104e-05
KIR_2DP1	rs12975904	chr19_54691803_C	19	54691803	C	6.03756756061717e-05
KIR_2DP1		chr19_54738696_A	19	54738696	A	5.32964069427416e-05
KIR_2DP1	rs1555895269	chr19_54741124_G	19	54741124	G	5.32670902550725e-05
KIR_2DS1	rs612514	chr19_54849746_G	19	54849746	G	0.395070469861978
KIR_2DS1	rs654686	chr19_54852249_A	19	54852249	A	0.0337390437151905
KIR_2DS1	rs62122181	chr19_54835911_G	19	54835911	G	0.0127483967433426
KIR_2DS1	rs74813291	chr19_54836220_G	19	54836220	G	0.00789868751602304
KIR_2DS1	rs77740093	chr19_54835981_C	19	54835981	C	0.00661137594974976
KIR_2DS1	rs75893455	chr19_54836084_G	19	54836084	G	0.00614614114452594
KIR_2DS1	rs75981924	chr19_54836206_T	19	54836206	T	0.0057727211749751
KIR_2DS1	rs16986050	chr19_54889804_G	19	54889804	G	0.00198553053363559
KIR_2DS1	CM078503	chr19_54889804_G	19	54889804	G	0.00198553053363559
KIR_2DS1	rs62123425	chr19_54888925_A	19	54888925	A	0.00183507172926753
KIR_2DS1	rs619170	chr19_54846295_T	19	54846295	T	0.000846597615324364
KIR_2DS1	rs667271	chr19_54851595_A	19	54851595	A	0.000700557334531842
KIR_2DS1	rs657781	chr19_54806816_C	19	54806816	C	0.00058704541409728
KIR_2DS1	rs769950932	chr19_54958363_T	19	54958363	T	0.000545046765428504
KIR_2DS1	rs367957090	chr19_54770585_C	19	54770585	C	0.000443888006105876
KIR_2DS1	rs77303517	chr19_54836036_A	19	54836036	A	0.000290502974750462
KIR_2DS1	rs777209795	chr19_54742971_G	19	54742971	G	0.000287567176124756
KIR_2DS1	rs1210574281	chr19_54742971_G	19	54742971	G	0.000287567176124756
KIR_2DS1	rs530770938	chr19_54706370_C	19	54706370	C	0.000281896708214886
KIR_2DS1	rs12462181	chr19_54873979_C	19	54873979	C	0.000258498878652848
KIR_2DS1	CR011063	chr19_54873979_C	19	54873979	C	0.000258498878652848
KIR_2DS1	rs35080576	chr19_54828101_G	19	54828101	G	0.000252110450858329
KIR_2DS1	rs17771967	chr19_54868759_G	19	54868759	G	0.000246444645995481
KIR_2DS1	rs186578807	chr19_54732710_T	19	54732710	T	0.00023455543139025
KIR_2DS1	rs11666055	chr19_54872711_T	19	54872711	T	0.00022560447367702
KIR_2DS1	rs550336009	chr19_54758122_G	19	54758122	G	0.000200315618594412
KIR_2DS1	rs11084374	chr19_54873341_A	19	54873341	A	0.000174793859307829
KIR_2DS1	rs2916041	chr19_54825430_G	19	54825430	G	0.000151088765193287
KIR_2DS1	rs1219632083	chr19_54825430_G	19	54825430	G	0.000151088765193287
KIR_2DS1	rs668655	chr19_54851913_T	19	54851913	T	0.000145943114842457
KIR_2DS1	rs11672983	chr19_54871595_A	19	54871595	A	0.000133941550415251
KIR_2DS1	rs4806606	chr19_54882390_G	19	54882390	G	0.000132840394810951
KIR_2DS1	rs61735077	chr19_54982758_G	19	54982758	G	0.000123312222422062
KIR_2DS1	rs184523356	chr19_54978689_G	19	54978689	G	0.000115197803361389
KIR_2DS1	rs8112766	chr19_54875464_A	19	54875464	A	0.000111655260488651
KIR_2DS1	rs631687	chr19_54825421_C	19	54825421	C	0.000110082424336529
KIR_2DS1	rs3865508	chr19_54812575_G	19	54812575	G	0.000109816749221252
KIR_2DS1	rs6509905	chr19_54880250_A	19	54880250	A	0.000109090180376317
KIR_2DS1	rs56162245	chr19_54867871_T	19	54867871	T	0.000107322755973214
KIR_2DS1	rs75125148	chr19_54836035_C	19	54836035	C	0.000103321033210332
KIR_2DS1	rs386810986	chr19_54836035_C	19	54836035	C	0.000103321033210332
KIR_2DS1	rs386810986	chr19_54836035_C	19	54836035	C	0.000103321033210332
KIR_2DS1	rs76866967	chr19_54818758_A	19	54818758	A	0.000100352022529442
KIR_2DS1	rs1214341004	chr19_54421840_T	19	54421840	T	9.69577816414507e-05
KIR_2DS1		chr19_54799209_AAAC	19	54799209	AAAC	9.05692342608926e-05
KIR_2DS1	rs638584	chr19_54825356_G	19	54825356	G	8.78162782453031e-05
KIR_2DS1	rs671600	chr19_54845969_T	19	54845969	T	8.74744778430442e-05
KIR_2DS1	rs4247375	chr19_54815777_T	19	54815777	T	8.10894471719747e-05
KIR_2DS1	rs1396826228	chr19_54743448_T	19	54743448	T	7.8462571093582e-05
KIR_2DS1	rs11084377	chr19_54875434_A	19	54875434	A	7.80715031143302e-05
KIR_2DS1	rs35886422	chr19_54824450_A	19	54824450	A	7.41298048299992e-05
KIR_2DS1	rs755822490	chr19_54802107_A	19	54802107	A	7.30005868974223e-05
KIR_2DS1	rs625718	chr19_54824717_C	19	54824717	C	6.43123553769334e-05
KIR_2DS1	rs77611365	chr19_54812145_C	19	54812145	C	6.36730053172132e-05
KIR_2DS1	rs3816051	chr19_54874148_T	19	54874148	T	6.01430094255857e-05
KIR_2DS1	CR010588	chr19_54874148_T	19	54874148	T	6.01430094255857e-05
KIR_2DS1	rs182769804	chr19_54880440_C	19	54880440	C	5.69652462906665e-05
KIR_2DS1	rs4806605	chr19_54878208_T	19	54878208	T	5.63577410299894e-05
KIR_2DS1	rs62124133	chr19_54825429_T	19	54825429	T	5.55271227951026e-05
KIR_2DS1	rs640345	chr19_54851404_T	19	54851404	T	5.26147935325059e-05
KIR_2DS1	rs1601718671	chr19_54851404_T	19	54851404	T	5.26147935325059e-05
KIR_2DS1	rs671649	chr19_54846001_C	19	54846001	C	5.10452892033417e-05
KIR_2DS2	rs1639427	chr19_54741104_T	19	54741104	T	0.0735004922912639
KIR_2DS2	rs1568923786	chr19_54740462_A	19	54740462	A	0.067397863082651
KIR_2DS2	rs1639425	chr19_54737392_G	19	54737392	G	0.0673963042354913
KIR_2DS2	rs34604205	chr19_54742464_G	19	54742464	G	0.066522355555564
KIR_2DS2	rs35927204	chr19_54742314_C	19	54742314	C	0.0640805147906665
KIR_2DS2	rs34351816	chr19_54738065_C	19	54738065	C	0.0633619846257118
KIR_2DS2	rs1555895269	chr19_54741124_G	19	54741124	G	0.0585517952204607
KIR_2DS2		chr19_54738696_A	19	54738696	A	0.0175122499797245
KIR_2DS2	rs647211	chr19_54734250_C	19	54734250	C	0.00365740493726505
KIR_2DS2	rs587560	chr19_54734271_T	19	54734271	T	0.000692265684974527
KIR_2DS3	rs10408729	chr19_54760546_C	19	54760546	C	0.216938603333545
KIR_2DS3	rs778039314	chr19_54845634_A	19	54845634	A	0.0574087658315752
KIR_2DS3	rs35641303	chr19_54772176_G	19	54772176	G	0.0291940376335455
KIR_2DS3	rs35959464	chr19_54772175_A	19	54772175	A	0.0275254230666064
KIR_2DS3	rs386810971	chr19_54772175_A	19	54772175	A	0.0275254230666064
KIR_2DS3	rs386810971	chr19_54772175_A	19	54772175	A	0.0275254230666064
KIR_2DS3	rs1198448608	chr19_54826792_T	19	54826792	T	0.00379029936977266
KIR_2DS3	rs200462027	chr19_54826776_C	19	54826776	C	0.0036880463092792
KIR_2DS3	rs4806542	chr19_54758732_A	19	54758732	A	0.00240904570227178
KIR_2DS3	rs532289760	chr19_54777396_T	19	54777396	T	0.00204290375650571
KIR_2DS3	rs200609726	chr19_54758731_C	19	54758731	C	0.00119141374402634
KIR_2DS3	rs386810962	chr19_54758731_C	19	54758731	C	0.00119141374402634
KIR_2DS3	rs386810962	chr19_54758731_C	19	54758731	C	0.00119141374402634
KIR_2DS3	rs34408592	chr19_54772815_G	19	54772815	G	0.00111483880369524
KIR_2DS3		chr19_54775892_CCTTTAACA	19	54775892	CCTTTAACA	0.000905110320949898
KIR_2DS3	rs113682778	chr19_54420459_A	19	54420459	A	0.000526997403065127
KIR_2DS3	rs191580091	chr19_54789679_A	19	54789679	A	0.000481648664598815
KIR_2DS3	rs115856311	chr19_54758227_C	19	54758227	C	0.000462796581049629
KIR_2DS3	rs142418001	chr19_54758198_C	19	54758198	C	0.000454615556818915
KIR_2DS3	rs111763569	chr19_54774386_T	19	54774386	T	0.000379491652106347
KIR_2DS3	rs752960433	chr19_54782464_A	19	54782464	A	0.000363659855323414
KIR_2DS3	rs12327595	chr19_54915577_A	19	54915577	A	0.000284533063321004
KIR_2DS3	rs148886387	chr19_54502783_A	19	54502783	A	0.000248703963909646
KIR_2DS3	rs144393412	chr19_54666737_G	19	54666737	G	0.000246779560002527
KIR_2DS3	rs374855497	chr19_54797668_A	19	54797668	A	0.000210600243586307
KIR_2DS3	rs112488525	chr19_54774394_G	19	54774394	G	0.00020680082658895
KIR_2DS3	rs111269218	chr19_54996722_A	19	54996722	A	0.000183333754429481
KIR_2DS3	rs604077	chr19_54809941_T	19	54809941	T	0.000179575146862476
KIR_2DS3	rs4407172	chr19_54514267_T	19	54514267	T	0.000178070903558967
KIR_2DS3	rs144593454	chr19_54836049_C	19	54836049	C	0.000159655720207562
KIR_2DS3	rs185592321	chr19_54897160_A	19	54897160	A	0.000155004999682415
KIR_2DS3	rs8106789	chr19_54772536_G	19	54772536	G	0.000147272637357203
KIR_2DS3	rs185952251	chr19_54769823_A	19	54769823	A	0.000139386560951278
KIR_2DS3	rs3855676	chr19_54766787_C	19	54766787	C	0.000127315729833716
KIR_2DS3	rs532184418	chr19_54786239_A	19	54786239	A	0.000116367144940684
KIR_2DS3	rs1031250230	chr19_54789489_A	19	54789489	A	0.000111977120639824
KIR_2DS3	rs111803848	chr19_54802427_T	19	54802427	T	0.000111409115077543
KIR_2DS3	rs3898893	chr19_54823491_C	19	54823491	C	0.00010520332123749
KIR_2DS3	rs17173113	chr19_54810746_C	19	54810746	C	0.000102902122171297
KIR_2DS3	rs376740852	chr19_54835821_T	19	54835821	T	9.30986526629503e-05
KIR_2DS3	rs529464965	chr19_54810647_G	19	54810647	G	8.96574696671966e-05
KIR_2DS3	rs1556484983	chr19_54810647_G	19	54810647	G	8.96574696671966e-05
KIR_2DS3	rs17771961	chr19_54811638_G	19	54811638	G	8.87393271690118e-05
KIR_2DS3	rs115621657	chr19_54699691_A	19	54699691	A	8.714367837447e-05
KIR_2DS3	rs187656554	chr19_54806770_T	19	54806770	T	8.62535422099542e-05
KIR_2DS3	rs368863055	chr19_54822743_T	19	54822743	T	8.59483897376049e-05
KIR_2DS3	rs964614939	chr19_54645842_C	19	54645842	C	8.57092614198783e-05
KIR_2DS3	rs368264873	chr19_54801018_T	19	54801018	T	8.23422130822758e-05
KIR_2DS3	rs182653738	chr19_54815844_A	19	54815844	A	8.16809545511362e-05
KIR_2DS3	rs188781291	chr19_54523102_T	19	54523102	T	8.15680835009486e-05
KIR_2DS3	rs371261951	chr19_54810630_C	19	54810630	C	8.05847326200758e-05
KIR_2DS3	rs185944096	chr19_54822294_A	19	54822294	A	8.05673470302e-05
KIR_2DS3		chr19_54810126_G	19	54810126	G	8.00632412993924e-05
KIR_2DS3	rs111606492	chr19_54594504_A	19	54594504	A	7.88976414983944e-05
KIR_2DS3	rs149123986	chr19_54818437_G	19	54818437	G	7.80666270729479e-05
KIR_2DS3	rs187719332	chr19_54616709_T	19	54616709	T	7.33285571795723e-05
KIR_2DS3	rs376786209	chr19_54807705_C	19	54807705	C	7.23580745953868e-05
KIR_2DS3	rs531295498	chr19_54700953_T	19	54700953	T	7.05244301375373e-05
KIR_2DS3	rs77071316	chr19_54787456_T	19	54787456	T	7.04020867158415e-05
KIR_2DS3	rs143159382	chr19_54818564_T	19	54818564	T	6.74942068375589e-05
KIR_2DS3	CM035771	chr19_54818564_T	19	54818564	T	6.74942068375589e-05
KIR_2DS3	rs149543184	chr19_54788186_T	19	54788186	T	6.71586309968538e-05
KIR_2DS3	rs186816726	chr19_54480203_G	19	54480203	G	6.5027524908332e-05
KIR_2DS3	rs1238561699	chr19_54480203_G	19	54480203	G	6.5027524908332e-05
KIR_2DS3	rs112866339	chr19_54901875_A	19	54901875	A	6.23896173569494e-05
KIR_2DS3	rs189714600	chr19_54828003_C	19	54828003	C	6.11034118358493e-05
KIR_2DS3	rs58394872	chr19_54655953_A	19	54655953	A	5.9695089825787e-05
KIR_2DS3	rs138024861	chr19_54787977_T	19	54787977	T	5.91936670567343e-05
KIR_2DS3	rs185767446	chr19_54810151_T	19	54810151	T	5.9076588267613e-05
KIR_2DS3	rs372436051	chr19_54793716_A	19	54793716	A	5.87143070894291e-05
KIR_2DS3	rs73619965	chr19_54911735_C	19	54911735	C	5.72200639590159e-05
KIR_2DS3	rs139013743	chr19_54645424_C	19	54645424	C	5.59285670601158e-05
KIR_2DS3	rs188106418	chr19_54986948_T	19	54986948	T	5.42440395678447e-05
KIR_2DS3	rs78981156	chr19_54553150_A	19	54553150	A	5.18611549499947e-05
KIR_2DS3	rs58270532	chr19_54640189_C	19	54640189	C	5.1813077460876e-05
KIR_2DS3	rs58157359	chr19_54655851_A	19	54655851	A	5.02717817471791e-05
KIR_2DS4	rs594307	chr19_54822350_C	19	54822350	C	0.00276094252395535
KIR_2DS4	rs151262295	chr19_54827926_C	19	54827926	C	0.00269779616009789
KIR_2DS4	rs386810983	chr19_54827926_C	19	54827926	C	0.00269779616009789
KIR_2DS4	rs3117643	chr19_54827610_G	19	54827610	G	0.00269719138707934
KIR_2DS4	rs609105	chr19_54823308_A	19	54823308	A	0.00268078595128962
KIR_2DS4	rs149331942	chr19_54827940_C	19	54827940	C	0.00263704769183034
KIR_2DS4	rs618871	chr19_54810968_C	19	54810968	C	0.00260502406422562
KIR_2DS4	rs652741	chr19_54819907_T	19	54819907	T	0.00260422933706496
KIR_2DS4	rs625788	chr19_54805678_T	19	54805678	T	0.00257667527178202
KIR_2DS4	rs583070	chr19_54822164_C	19	54822164	C	0.00257648500272522
KIR_2DS4	rs688250	chr19_54821506_G	19	54821506	G	0.00253925958067783
KIR_2DS4	rs652641	chr19_54819832_T	19	54819832	T	0.00251934092720835
KIR_2DS4	rs616496	chr19_54810401_C	19	54810401	C	0.00248764786310014
KIR_2DS4	rs35360058	chr19_54828224_C	19	54828224	C	0.00248519900746095
KIR_2DS4	rs625718	chr19_54824717_C	19	54824717	C	0.00247525434703708
KIR_2DS4	rs586962	chr19_54822363_A	19	54822363	A	0.00245346666859168
KIR_2DS4	rs1743332	chr19_54824263_T	19	54824263	T	0.00242702464120779
KIR_2DS4		chr19_54823468_GA	19	54823468	GA	0.00237717905960229
KIR_2DS4	rs597500	chr19_54823016_T	19	54823016	T	0.00234016336832713
KIR_2DS4	rs597013	chr19_54816328_C	19	54816328	C	0.00233555244886874
KIR_2DS4	CR087571	chr19_54816328_C	19	54816328	C	0.00233555244886874
KIR_2DS4	rs2984216	chr19_54819428_A	19	54819428	A	0.00231865241681959
KIR_2DS4	rs62124147	chr19_54827742_A	19	54827742	A	0.00229911578280033
KIR_2DS4	rs670795	chr19_54795193_G	19	54795193	G	0.00226327537998341
KIR_2DS4	rs62124152	chr19_54828444_C	19	54828444	C	0.00224537763875243
KIR_2DS4	rs657122	chr19_54794427_A	19	54794427	A	0.00221974702219564
KIR_2DS4	rs3117642	chr19_54827491_G	19	54827491	G	0.00220621220096437
KIR_2DS4	rs682148	chr19_54815615_T	19	54815615	T	0.00220316391789401
KIR_2DS4		chr19_54821003_AGATGATGAT	19	54821003	AGATGATGAT	0.0021379307611171
KIR_2DS4	rs674712	chr19_54820818_G	19	54820818	G	0.00213210672840473
KIR_2DS4	rs62124151	chr19_54828438_A	19	54828438	A	0.00209923724976804
KIR_2DS4	rs587848	chr19_54822560_C	19	54822560	C	0.00206640475269889
KIR_2DS4	rs660405	chr19_54819917_G	19	54819917	G	0.00204873540359921
KIR_2DS4	rs2984215	chr19_54819424_T	19	54819424	T	0.00204474844213034
KIR_2DS4	rs625698	chr19_54824701_G	19	54824701	G	0.00204106001897765
KIR_2DS4	rs632126	chr19_54811602_G	19	54811602	G	0.002038529984688
KIR_2DS4	rs652671	chr19_54813668_C	19	54813668	C	0.00200977934701414
KIR_2DS4	rs631263	chr19_54825339_A	19	54825339	A	0.00199687158445393
KIR_2DS4	rs35608990	chr19_54828221_G	19	54828221	G	0.00199560350628644
KIR_2DS4	rs678846	chr19_54815158_A	19	54815158	A	0.00199438598871067
KIR_2DS4	rs62124146	chr19_54827723_T	19	54827723	T	0.00198894809340671
KIR_2DS4	rs673316	chr19_54820520_A	19	54820520	A	0.00195705812589134
KIR_2DS4	rs35610427	chr19_54828215_A	19	54828215	A	0.00195056050993198
KIR_2DS4	rs1185163306	chr19_54828215_A	19	54828215	A	0.00195056050993198
KIR_2DS4	rs1185163306	chr19_54828215_A	19	54828215	A	0.00195056050993198
KIR_2DS4	rs604076	chr19_54803871_C	19	54803871	C	0.00190393549292278
KIR_2DS4	rs600972	chr19_54823183_T	19	54823183	T	0.00189052766229848
KIR_2DS4	rs1230935398	chr19_54823183_T	19	54823183	T	0.00189052766229848
KIR_2DS4	rs638584	chr19_54825356_G	19	54825356	G	0.00180712639722684
KIR_2DS4	rs603611	chr19_54823747_T	19	54823747	T	0.00179265971677666
KIR_2DS4	rs678812	chr19_54815139_G	19	54815139	G	0.00178165729350139
KIR_2DS4	rs603172	chr19_54823643_G	19	54823643	G	0.0017754309770247
KIR_2DS4	rs688276	chr19_54821518_G	19	54821518	G	0.00175588932444198
KIR_2DS4	rs665101	chr19_54820370_T	19	54820370	T	0.00173011333238987
KIR_2DS4	rs658919	chr19_54794831_C	19	54794831	C	0.00172323361820255
KIR_2DS4	rs3097896	chr19_54827662_C	19	54827662	C	0.0016960449732852
KIR_2DS4	rs660437	chr19_54813377_A	19	54813377	A	0.00163222157929086
KIR_2DS4	rs618323	chr19_54824723_C	19	54824723	C	0.00162426711342085
KIR_2DS4	rs671925	chr19_54820202_G	19	54820202	G	0.00150966413644647
KIR_2DS4	rs62124130	chr19_54825145_C	19	54825145	C	0.00148260240760594
KIR_2DS4	rs684941	chr19_54816238_A	19	54816238	A	0.00145001603314973
KIR_2DS4	rs633522	chr19_54792856_A	19	54792856	A	0.00110428215957879
KIR_2DS4	rs680891	chr19_54821568_T	19	54821568	T	0.000890497696349215
KIR_2DS4	rs34727739	chr19_54828148_A	19	54828148	A	0.000864911769213489
KIR_2DS4	rs592645	chr19_54809472_A	19	54809472	A	0.000857888110257666
KIR_2DS4	rs62124099	chr19_54819067_G	19	54819067	G	0.000788248893108317
KIR_2DS4	rs62124133	chr19_54825429_T	19	54825429	T	0.000755586715511283
KIR_2DS4	rs113082063	chr19_54819114_G	19	54819114	G	0.000729271853669036
KIR_2DS4	rs184657880	chr19_54828596_A	19	54828596	A	0.000694284389363413
KIR_2DS4	rs898596561	chr19_54819238_CAGGAACCCAGGTCAAGGACAAGTT	19	54819238	CAGGAACCCAGGTCAAGGACAAGTT	0.00067739239801765
KIR_2DS4	rs631687	chr19_54825421_C	19	54825421	C	0.000668882845579376
KIR_2DS4	rs62124097	chr19_54819009_A	19	54819009	A	0.000621456088373841
KIR_2DS4	rs35080576	chr19_54828101_G	19	54828101	G	0.000618836243321019
KIR_2DS4	rs184315115	chr19_54819189_T	19	54819189	T	0.000607251349484315
KIR_2DS4	rs2916041	chr19_54825430_G	19	54825430	G	0.000572914286215229
KIR_2DS4	rs1219632083	chr19_54825430_G	19	54825430	G	0.000572914286215229
KIR_2DS4	rs612514	chr19_54849746_G	19	54849746	G	0.000463557336063532
KIR_2DS4	rs62124153	chr19_54828699_T	19	54828699	T	0.000425389968740619
KIR_2DS4	rs77109618	chr19_54818697_G	19	54818697	G	8.02919708029197e-05
KIR_2DS4	rs76866967	chr19_54818758_A	19	54818758	A	6.71378091872791e-05
KIR_2DS4	rs77740093	chr19_54835981_C	19	54835981	C	5.43478260869565e-05
KIR_2DS5	rs75893455	chr19_54836084_G	19	54836084	G	0.272888538012777
KIR_2DS5	rs74813291	chr19_54836220_G	19	54836220	G	0.0438697845692542
KIR_2DS5	rs657781	chr19_54806816_C	19	54806816	C	0.0373587526250056
KIR_2DS5	rs75981924	chr19_54836206_T	19	54836206	T	0.00573823100818258
KIR_2DS5	rs77303517	chr19_54836036_A	19	54836036	A	0.00510193710780712
KIR_2DS5	rs62124153	chr19_54828699_T	19	54828699	T	0.00479433861552294
KIR_2DS5	rs149115681	chr19_54882744_A	19	54882744	A	0.00380003196755085
KIR_2DS5	rs1198448608	chr19_54826792_T	19	54826792	T	0.00320827766157501
KIR_2DS5	rs75125148	chr19_54836035_C	19	54836035	C	0.00316298790725934
KIR_2DS5	rs386810986	chr19_54836035_C	19	54836035	C	0.00316298790725934
KIR_2DS5	rs386810986	chr19_54836035_C	19	54836035	C	0.00316298790725934
KIR_2DS5	rs778039314	chr19_54845634_A	19	54845634	A	0.00209455197218939
KIR_2DS5	rs62122179	chr19_54835412_T	19	54835412	T	0.00179459613579301
KIR_2DS5	rs544278351	chr19_54835412_T	19	54835412	T	0.00179459613579301
KIR_2DS5	rs1270427300	chr19_54743871_A	19	54743871	A	0.00169381328960447
KIR_2DS5	rs184657880	chr19_54828596_A	19	54828596	A	0.0012797389642477
KIR_2DS5	rs631687	chr19_54825421_C	19	54825421	C	0.00113072538920013
KIR_2DS5	rs79111375	chr19_54818665_C	19	54818665	C	0.00112315704450654
KIR_2DS5	rs62124146	chr19_54827723_T	19	54827723	T	0.00108332750503194
KIR_2DS5	rs72626297	chr19_54818732_C	19	54818732	C	0.00104952195457409
KIR_2DS5	rs62124099	chr19_54819067_G	19	54819067	G	0.00103389180772079
KIR_2DS5	rs3117642	chr19_54827491_G	19	54827491	G	0.00103130483740084
KIR_2DS5	rs35080576	chr19_54828101_G	19	54828101	G	0.000999197332385534
KIR_2DS5	rs149331942	chr19_54827940_C	19	54827940	C	0.000996516210446073
KIR_2DS5		chr19_54823468_GA	19	54823468	GA	0.000977377496801358
KIR_2DS5	rs583070	chr19_54822164_C	19	54822164	C	0.000970864540667063
KIR_2DS5	rs638584	chr19_54825356_G	19	54825356	G	0.000942239401430493
KIR_2DS5	rs682148	chr19_54815615_T	19	54815615	T	0.000940440530665424
KIR_2DS5	rs34727739	chr19_54828148_A	19	54828148	A	0.000930059589093911
KIR_2DS5	rs597500	chr19_54823016_T	19	54823016	T	0.000921034335088397
KIR_2DS5	rs625718	chr19_54824717_C	19	54824717	C	0.000916603939945852
KIR_2DS5	rs616496	chr19_54810401_C	19	54810401	C	0.000913821508123013
KIR_2DS5	rs643861	chr19_54818581_A	19	54818581	A	0.000886995424891601
KIR_2DS5	rs62124151	chr19_54828438_A	19	54828438	A	0.000871939287655878
KIR_2DS5	rs652741	chr19_54819907_T	19	54819907	T	0.000862084939431845
KIR_2DS5	rs684941	chr19_54816238_A	19	54816238	A	0.000847335008762378
KIR_2DS5	rs603172	chr19_54823643_G	19	54823643	G	0.000843888476383561
KIR_2DS5	rs678846	chr19_54815158_A	19	54815158	A	0.000777844960485572
KIR_2DS5	rs625698	chr19_54824701_G	19	54824701	G	0.000770951471488943
KIR_2DS5	rs76866967	chr19_54818758_A	19	54818758	A	0.000766089306851653
KIR_2DS5	rs35608990	chr19_54828221_G	19	54828221	G	0.00074383126770167
KIR_2DS5	rs2984215	chr19_54819424_T	19	54819424	T	0.00073030214966114
KIR_2DS5	rs62124152	chr19_54828444_C	19	54828444	C	0.000724735013289698
KIR_2DS5	rs673316	chr19_54820520_A	19	54820520	A	0.000718883765794414
KIR_2DS5	rs586962	chr19_54822363_A	19	54822363	A	0.000716289555060811
KIR_2DS5	rs62124097	chr19_54819009_A	19	54819009	A	0.000701385337765094
KIR_2DS5		chr19_54821003_AGATGATGAT	19	54821003	AGATGATGAT	0.000692389289498913
KIR_2DS5	rs660405	chr19_54819917_G	19	54819917	G	0.000671295511026591
KIR_2DS5	rs62124096	chr19_54818928_G	19	54818928	G	0.000661441203449939
KIR_2DS5	rs597013	chr19_54816328_C	19	54816328	C	0.000658664889117851
KIR_2DS5	CR087571	chr19_54816328_C	19	54816328	C	0.000658664889117851
KIR_2DS5	rs603611	chr19_54823747_T	19	54823747	T	0.000646698679082203
KIR_2DS5	rs62124093	chr19_54818815_T	19	54818815	T	0.00064105286910972
KIR_2DS5	rs3117643	chr19_54827610_G	19	54827610	G	0.00063315505449356
KIR_2DS5	rs658919	chr19_54794831_C	19	54794831	C	0.000629763803089387
KIR_2DS5	rs62124133	chr19_54825429_T	19	54825429	T	0.000617022062718033
KIR_2DS5	rs680891	chr19_54821568_T	19	54821568	T	0.000604922696448868
KIR_2DS5	rs62124147	chr19_54827742_A	19	54827742	A	0.000600730193238471
KIR_2DS5	rs367957090	chr19_54770585_C	19	54770585	C	0.000584418073627832
KIR_2DS5	rs674712	chr19_54820818_G	19	54820818	G	0.000577099537372336
KIR_2DS5	rs652671	chr19_54813668_C	19	54813668	C	0.000574346978638684
KIR_2DS5	rs671925	chr19_54820202_G	19	54820202	G	0.000572412499250407
KIR_2DS5	rs113082063	chr19_54819114_G	19	54819114	G	0.000571173062948357
KIR_2DS5	rs670795	chr19_54795193_G	19	54795193	G	0.000564792700675905
KIR_2DS5	rs634254	chr19_54818479_G	19	54818479	G	0.000556434108139426
KIR_2DS5	rs688276	chr19_54821518_G	19	54821518	G	0.000545545555162364
KIR_2DS5	rs618871	chr19_54810968_C	19	54810968	C	0.00054264216182523
KIR_2DS5	rs679057	chr19_54821146_T	19	54821146	T	0.000504137045419317
KIR_2DS5	rs660437	chr19_54813377_A	19	54813377	A	0.000502313918242598
KIR_2DS5	rs2984216	chr19_54819428_A	19	54819428	A	0.000487026209952298
KIR_2DS5	rs592645	chr19_54809472_A	19	54809472	A	0.000476817615162711
KIR_2DS5	rs594307	chr19_54822350_C	19	54822350	C	0.000470399000911872
KIR_2DS5	rs657122	chr19_54794427_A	19	54794427	A	0.000455329855486657
KIR_2DS5	rs796873556	chr19_54818926_G	19	54818926	G	0.000442601708060306
KIR_2DS5	rs62124095	chr19_54818926_G	19	54818926	G	0.000442601708060306
KIR_2DS5	rs796873556	chr19_54818926_G	19	54818926	G	0.000442601708060306
KIR_2DS5	rs62124130	chr19_54825145_C	19	54825145	C	0.000411596574791214
KIR_2DS5	rs77109618	chr19_54818697_G	19	54818697	G	0.000411565466942863
KIR_2DS5	rs200462027	chr19_54826776_C	19	54826776	C	0.000406655506959412
KIR_2DS5	rs631717	chr19_54811520_A	19	54811520	A	0.000406199472941174
KIR_2DS5	rs184315115	chr19_54819189_T	19	54819189	T	0.000404732778973701
KIR_2DS5	rs665101	chr19_54820370_T	19	54820370	T	0.000392338008416929
KIR_2DS5	rs653140	chr19_54813785_G	19	54813785	G	0.000384292876233826
KIR_2DS5	rs34348532	chr19_54813785_G	19	54813785	G	0.000384292876233826
KIR_2DS5	rs34348532	chr19_54813785_G	19	54813785	G	0.000384292876233826
KIR_2DS5	rs151262295	chr19_54827926_C	19	54827926	C	0.000382481642172122
KIR_2DS5	rs386810983	chr19_54827926_C	19	54827926	C	0.000382481642172122
KIR_2DS5	rs688250	chr19_54821506_G	19	54821506	G	0.000382348805812029
KIR_2DS5	rs1743332	chr19_54824263_T	19	54824263	T	0.000380908970792434
KIR_2DS5	rs755822490	chr19_54802107_A	19	54802107	A	0.000379398743102865
KIR_2DS5	rs35610427	chr19_54828215_A	19	54828215	A	0.000373880209604737
KIR_2DS5	rs1185163306	chr19_54828215_A	19	54828215	A	0.000373880209604737
KIR_2DS5	rs1185163306	chr19_54828215_A	19	54828215	A	0.000373880209604737
KIR_2DS5	rs631263	chr19_54825339_A	19	54825339	A	0.000373301186216272
KIR_2DS5	rs2916041	chr19_54825430_G	19	54825430	G	0.000363935765707999
KIR_2DS5	rs1219632083	chr19_54825430_G	19	54825430	G	0.000363935765707999
KIR_2DS5	rs581623	chr19_54815284_C	19	54815284	C	0.000363833415263864
KIR_2DS5	rs112331796	chr19_54932694_T	19	54932694	T	0.000355353412166995
KIR_2DS5	rs612235	chr19_54817464_A	19	54817464	A	0.000349038715655779
KIR_2DS5	rs605219	chr19_54816505_C	19	54816505	C	0.000339494978565969
KIR_2DS5	rs678749	chr19_54815104_G	19	54815104	G	0.000309673846927313
KIR_2DS5	rs1214341004	chr19_54421840_T	19	54421840	T	0.000306193837402639
KIR_2DS5	rs670013	chr19_54815265_T	19	54815265	T	0.000296218682121125
KIR_2DS5	rs653142	chr19_54813786_A	19	54813786	A	0.000295557351549626
KIR_2DS5	rs604076	chr19_54803871_C	19	54803871	C	0.000295116063486537
KIR_2DS5	rs611763	chr19_54817365_C	19	54817365	C	0.000292127936637841
KIR_2DS5	rs620977	chr19_54817727_A	19	54817727	A	0.000285846387179035
KIR_2DS5	rs659565	chr19_54807205_T	19	54807205	T	0.000284917072201071
KIR_2DS5	rs35360058	chr19_54828224_C	19	54828224	C	0.000279655023022194
KIR_2DS5	rs898596561	chr19_54819238_CAGGAACCCAGGTCAAGGACAAGTT	19	54819238	CAGGAACCCAGGTCAAGGACAAGTT	0.00027722705323212
KIR_2DS5	rs609105	chr19_54823308_A	19	54823308	A	0.000275780859570215
KIR_2DS5	rs59403072	chr19_54819016_A	19	54819016	A	0.000275510910162692
KIR_2DS5	rs614891	chr19_54818060_A	19	54818060	A	0.000271166996303554
KIR_2DS5	rs618323	chr19_54824723_C	19	54824723	C	0.000267218984367941
KIR_2DS5	rs660773	chr19_54813405_G	19	54813405	G	0.000260714823041773
KIR_2DS5	rs147213467	chr19_54983583_C	19	54983583	C	0.000252449615256951
KIR_2DS5	rs621169	chr19_54805365_C	19	54805365	C	0.000243378488359251
KIR_2DS5	rs648689	chr19_54813019_T	19	54813019	T	0.000237695466900793
KIR_2DS5	rs667205	chr19_54814619_G	19	54814619	G	0.000227327443746099
KIR_2DS5	rs643347	chr19_54818446_A	19	54818446	A	0.000225954307141441
KIR_2DS5	rs615169	chr19_54824041_G	19	54824041	G	0.000225127649698282
KIR_2DS5	rs34827252	chr19_54820119_C	19	54820119	C	0.000211786883411319
KIR_2DS5	rs600972	chr19_54823183_T	19	54823183	T	0.000191925683965158
KIR_2DS5	rs1230935398	chr19_54823183_T	19	54823183	T	0.000191925683965158
KIR_2DS5	rs186578807	chr19_54732710_T	19	54732710	T	0.000190404054822446
KIR_2DS5	rs3826872	chr19_54825796_T	19	54825796	T	0.000189831183695194
KIR_2DS5	rs652641	chr19_54819832_T	19	54819832	T	0.00018658903216459
KIR_2DS5	rs587848	chr19_54822560_C	19	54822560	C	0.000179118593369027
KIR_2DS5	rs678812	chr19_54815139_G	19	54815139	G	0.000168258859784283
KIR_2DS5	rs530770938	chr19_54706370_C	19	54706370	C	0.000165359277218766
KIR_2DS5	rs550336009	chr19_54758122_G	19	54758122	G	0.000161737769753753
KIR_2DS5	rs613491	chr19_54817713_T	19	54817713	T	0.000159870840087406
KIR_2DS5	rs71367108	chr19_54824266_A	19	54824266	A	0.000147925501700073
KIR_2DS5	rs777209795	chr19_54742971_G	19	54742971	G	0.000144408724476641
KIR_2DS5	rs1210574281	chr19_54742971_G	19	54742971	G	0.000144408724476641
KIR_2DS5	rs632126	chr19_54811602_G	19	54811602	G	0.000142999543321494
KIR_2DS5	rs11084371	chr19_54836114_G	19	54836114	G	0.000141811599432297
KIR_2DS5	rs3117640	chr19_54827378_A	19	54827378	A	0.000140913077461991
KIR_2DS5	rs551585282	chr19_54760508_A	19	54760508	A	0.000139219905340338
KIR_2DS5	rs62124135	chr19_54825579_A	19	54825579	A	0.000135687792062634
KIR_2DS5	rs618835	chr19_54804874_G	19	54804874	G	0.000133319771595863
KIR_2DS5	rs3826873	chr19_54825800_A	19	54825800	A	0.000131095281439808
KIR_2DS5	rs615341	chr19_54818164_A	19	54818164	A	0.000130573615973531
KIR_2DS5	rs139490254	chr19_54816093_T	19	54816093	T	0.000129144617680333
KIR_2DS5	rs112171632	chr19_54996635_G	19	54996635	G	0.000128768819457933
KIR_2DS5	rs4806574	chr19_54827959_C	19	54827959	C	0.000124967194747686
KIR_2DS5	rs1181492282	chr19_54759878_T	19	54759878	T	0.000123038581536351
KIR_2DS5	rs642893	chr19_54818328_A	19	54818328	A	0.000119901146094637
KIR_2DS5	rs62124109	chr19_54822493_C	19	54822493	C	0.000112627075257102
KIR_2DS5	rs35746443	chr19_54821374_T	19	54821374	T	0.000112621087594588
KIR_2DS5	rs600898	chr19_54809212_C	19	54809212	C	0.00010445090583762
KIR_2DS5	rs1242820731	chr19_54823943_TG	19	54823943	TG	0.000103318013380871
KIR_2DS5	rs1242820731	chr19_54823943_TG	19	54823943	TG	0.000103318013380871
KIR_2DS5	rs35974949	chr19_54821820_T	19	54821820	T	9.99492595429075e-05
KIR_2DS5	CM141638	chr19_54821820_T	19	54821820	T	9.99492595429075e-05
KIR_2DS5	rs34481025	chr19_54821791_T	19	54821791	T	9.77388850785722e-05
KIR_2DS5	rs625788	chr19_54805678_T	19	54805678	T	9.45450678645162e-05
KIR_2DS5	rs3097896	chr19_54827662_C	19	54827662	C	9.30854567972806e-05
KIR_2DS5	rs200703215	chr19_54823937_T	19	54823937	T	9.18622720321234e-05
KIR_2DS5	rs200791941	chr19_54804112_T	19	54804112	T	8.9182203083885e-05
KIR_2DS5	rs604077	chr19_54809941_T	19	54809941	T	8.88157280077532e-05
KIR_2DS5	rs62124577	chr19_54898550_C	19	54898550	C	8.60647743872687e-05
KIR_2DS5	rs1222927139	chr19_54898550_C	19	54898550	C	8.60647743872687e-05
KIR_2DS5	rs4806575	chr19_54828000_T	19	54828000	T	8.5731347905696e-05
KIR_2DS5	rs201327008	chr19_54739493_G	19	54739493	G	8.24969375434254e-05
KIR_2DS5	rs4247375	chr19_54815777_T	19	54815777	T	8.24421120198903e-05
KIR_2DS5	rs113041062	chr19_54791863_A	19	54791863	A	7.9117457097115e-05
KIR_2DS5	rs2273731	chr19_54819964_T	19	54819964	T	7.6951951847072e-05
KIR_2DS5	rs759684728	chr19_54900437_A	19	54900437	A	7.61987005049224e-05
KIR_2DS5	rs144449269	chr19_54876655_T	19	54876655	T	7.38096183416119e-05
KIR_2DS5	rs140621347	chr19_54892730_A	19	54892730	A	6.85900422712644e-05
KIR_2DS5	rs661534	chr19_54826099_G	19	54826099	G	6.17244358343369e-05
KIR_2DS5	rs1743334	chr19_54824741_T	19	54824741	T	5.89348693437913e-05
KIR_2DS5	rs750734058	chr19_54808164_A	19	54808164	A	5.83596784506757e-05
KIR_2DS5	rs149064032	chr19_54885941_G	19	54885941	G	5.70524023423145e-05
KIR_2DS5	rs76100532	chr19_54814806_C	19	54814806	C	5.67198590447305e-05
KIR_2DS5	rs62124576	chr19_54898518_T	19	54898518	T	5.41419676234932e-05
KIR_2DS5	rs149123986	chr19_54818437_G	19	54818437	G	5.20630599948473e-05
KIR_2DS5	rs175093	chr19_54932717_A	19	54932717	A	5.17569835235453e-05
KIR_2DS5	rs35886422	chr19_54824450_A	19	54824450	A	5.13454743136722e-05
KIR_2DS5	rs144994606	chr19_54818399_A	19	54818399	A	5.04842641356297e-05
KIR_3DL1	rs631263	chr19_54825339_A	19	54825339	A	0.00298160518745161
KIR_3DL1	rs665101	chr19_54820370_T	19	54820370	T	0.00291217320983454
KIR_3DL1	rs652741	chr19_54819907_T	19	54819907	T	0.00286970805205578
KIR_3DL1	rs3117643	chr19_54827610_G	19	54827610	G	0.00283902295738167
KIR_3DL1	rs35360058	chr19_54828224_C	19	54828224	C	0.00283321730557181
KIR_3DL1	rs673316	chr19_54820520_A	19	54820520	A	0.00281593263939042
KIR_3DL1	rs586962	chr19_54822363_A	19	54822363	A	0.00279922155691877
KIR_3DL1	rs149331942	chr19_54827940_C	19	54827940	C	0.00272146572454318
KIR_3DL1	rs658919	chr19_54794831_C	19	54794831	C	0.00262333304877941
KIR_3DL1	rs678846	chr19_54815158_A	19	54815158	A	0.00261969954757401
KIR_3DL1	rs151262295	chr19_54827926_C	19	54827926	C	0.00246247313993305
KIR_3DL1	rs386810983	chr19_54827926_C	19	54827926	C	0.00246247313993305
KIR_3DL1	rs62124152	chr19_54828444_C	19	54828444	C	0.00240476803943942
KIR_3DL1	rs671925	chr19_54820202_G	19	54820202	G	0.00239957493234732
KIR_3DL1	rs657122	chr19_54794427_A	19	54794427	A	0.00236510633916762
KIR_3DL1	rs35610427	chr19_54828215_A	19	54828215	A	0.00228960315724247
KIR_3DL1	rs1185163306	chr19_54828215_A	19	54828215	A	0.00228960315724247
KIR_3DL1	rs1185163306	chr19_54828215_A	19	54828215	A	0.00228960315724247
KIR_3DL1	rs632126	chr19_54811602_G	19	54811602	G	0.0022860090399831
KIR_3DL1	rs3117642	chr19_54827491_G	19	54827491	G	0.00228471118733549
KIR_3DL1	rs616496	chr19_54810401_C	19	54810401	C	0.0022840707542515
KIR_3DL1	rs62124130	chr19_54825145_C	19	54825145	C	0.00222494762801488
KIR_3DL1	rs625698	chr19_54824701_G	19	54824701	G	0.002222961196965
KIR_3DL1	rs670795	chr19_54795193_G	19	54795193	G	0.00220044031561227
KIR_3DL1	rs618871	chr19_54810968_C	19	54810968	C	0.00218070597624368
KIR_3DL1	rs660405	chr19_54819917_G	19	54819917	G	0.00217365264093656
KIR_3DL1		chr19_54821003_AGATGATGAT	19	54821003	AGATGATGAT	0.00215148713745551
KIR_3DL1	rs1743332	chr19_54824263_T	19	54824263	T	0.00214551736131971
KIR_3DL1	rs2984215	chr19_54819424_T	19	54819424	T	0.0021266261702944
KIR_3DL1	rs62124146	chr19_54827723_T	19	54827723	T	0.00203769250324237
KIR_3DL1	rs597013	chr19_54816328_C	19	54816328	C	0.00201866908861406
KIR_3DL1	CR087571	chr19_54816328_C	19	54816328	C	0.00201866908861406
KIR_3DL1	rs674712	chr19_54820818_G	19	54820818	G	0.00201494250759743
KIR_3DL1	rs625788	chr19_54805678_T	19	54805678	T	0.00199145692389738
KIR_3DL1	rs35608990	chr19_54828221_G	19	54828221	G	0.00198098611601297
KIR_3DL1	rs688276	chr19_54821518_G	19	54821518	G	0.00196526601423933
KIR_3DL1	rs638584	chr19_54825356_G	19	54825356	G	0.00195958590780879
KIR_3DL1	rs652641	chr19_54819832_T	19	54819832	T	0.00192471207396294
KIR_3DL1	rs62124151	chr19_54828438_A	19	54828438	A	0.00191560518643328
KIR_3DL1	rs587848	chr19_54822560_C	19	54822560	C	0.00189915155077267
KIR_3DL1	rs682148	chr19_54815615_T	19	54815615	T	0.00187815893523919
KIR_3DL1	rs594307	chr19_54822350_C	19	54822350	C	0.0018582256498274
KIR_3DL1	rs2984216	chr19_54819428_A	19	54819428	A	0.00184052385648421
KIR_3DL1	rs603611	chr19_54823747_T	19	54823747	T	0.00183318368293168
KIR_3DL1		chr19_54823468_GA	19	54823468	GA	0.00181711217009198
KIR_3DL1	rs604076	chr19_54803871_C	19	54803871	C	0.00180972188955229
KIR_3DL1	rs678812	chr19_54815139_G	19	54815139	G	0.00179629557477567
KIR_3DL1	rs652671	chr19_54813668_C	19	54813668	C	0.00179129880282436
KIR_3DL1	rs618323	chr19_54824723_C	19	54824723	C	0.00178493792871952
KIR_3DL1	rs609105	chr19_54823308_A	19	54823308	A	0.00173893102069015
KIR_3DL1	rs3097896	chr19_54827662_C	19	54827662	C	0.00173421403213065
KIR_3DL1	rs62124147	chr19_54827742_A	19	54827742	A	0.00173281347376478
KIR_3DL1	rs597500	chr19_54823016_T	19	54823016	T	0.00169892756081525
KIR_3DL1	rs660437	chr19_54813377_A	19	54813377	A	0.00167187648284044
KIR_3DL1	rs583070	chr19_54822164_C	19	54822164	C	0.00166769996715022
KIR_3DL1	rs633522	chr19_54792856_A	19	54792856	A	0.00161156943696042
KIR_3DL1	rs684941	chr19_54816238_A	19	54816238	A	0.00160867123389044
KIR_3DL1	rs688250	chr19_54821506_G	19	54821506	G	0.00159906410912295
KIR_3DL1	rs625718	chr19_54824717_C	19	54824717	C	0.00151967067868391
KIR_3DL1	rs603172	chr19_54823643_G	19	54823643	G	0.00140791823841628
KIR_3DL1	rs592645	chr19_54809472_A	19	54809472	A	0.00140158642537303
KIR_3DL1	rs600972	chr19_54823183_T	19	54823183	T	0.00131295664344752
KIR_3DL1	rs1230935398	chr19_54823183_T	19	54823183	T	0.00131295664344752
KIR_3DL1	rs184657880	chr19_54828596_A	19	54828596	A	0.000998932031087468
KIR_3DL1	rs631687	chr19_54825421_C	19	54825421	C	0.000844838046146585
KIR_3DL1	rs2916041	chr19_54825430_G	19	54825430	G	0.000805744368876723
KIR_3DL1	rs1219632083	chr19_54825430_G	19	54825430	G	0.000805744368876723
KIR_3DL1	rs34727739	chr19_54828148_A	19	54828148	A	0.000788779730177694
KIR_3DL1	rs898596561	chr19_54819238_CAGGAACCCAGGTCAAGGACAAGTT	19	54819238	CAGGAACCCAGGTCAAGGACAAGTT	0.000733134632875192
KIR_3DL1	rs62124097	chr19_54819009_A	19	54819009	A	0.000697284924016458
KIR_3DL1	rs62124133	chr19_54825429_T	19	54825429	T	0.000684741523285228
KIR_3DL1	rs35080576	chr19_54828101_G	19	54828101	G	0.000674473922074055
KIR_3DL1	rs680891	chr19_54821568_T	19	54821568	T	0.000644653933404624
KIR_3DL1	rs612514	chr19_54849746_G	19	54849746	G	0.000498378091942094
KIR_3DL1	rs62124099	chr19_54819067_G	19	54819067	G	0.000497658318048146
KIR_3DL1	rs113082063	chr19_54819114_G	19	54819114	G	0.000440691617610403
KIR_3DL1	rs184315115	chr19_54819189_T	19	54819189	T	0.000390861437289706
KIR_3DL1	rs654686	chr19_54852249_A	19	54852249	A	0.000262804243199927
KIR_3DL1	rs62124153	chr19_54828699_T	19	54828699	T	0.000192788780310957
KIR_3DL1	rs642941	chr19_54818367_C	19	54818367	C	0.000189056016418784
KIR_3DL1	rs612235	chr19_54817464_A	19	54817464	A	9.18727915194346e-05
KIR_3DL1	rs76866967	chr19_54818758_A	19	54818758	A	6.13718411552346e-05
KIR_3DS1	rs658919	chr19_54794831_C	19	54794831	C	0.209140699416522
KIR_3DS1	rs670795	chr19_54795193_G	19	54795193	G	0.203213618363221
KIR_3DS1	rs657122	chr19_54794427_A	19	54794427	A	0.0688290915877797
KIR_3DS1	rs633522	chr19_54792856_A	19	54792856	A	0.00904842996721752
KIR_3DS1	rs616496	chr19_54810401_C	19	54810401	C	0.000440887486216206
KIR_3DS1	rs550336009	chr19_54758122_G	19	54758122	G	0.000289404565068029
KIR_3DS1	rs530770938	chr19_54706370_C	19	54706370	C	0.000280969018547222
KIR_3DS1	rs186578807	chr19_54732710_T	19	54732710	T	0.000273132198758008
KIR_3DS1	rs777209795	chr19_54742971_G	19	54742971	G	0.000261189528494817
KIR_3DS1	rs1210574281	chr19_54742971_G	19	54742971	G	0.000261189528494817
KIR_3DS1	rs3117643	chr19_54827610_G	19	54827610	G	0.000249515516737901
KIR_3DS1	rs632126	chr19_54811602_G	19	54811602	G	0.000249158249158249
KIR_3DS1	rs62124147	chr19_54827742_A	19	54827742	A	0.000245065000631074
KIR_3DS1	rs618871	chr19_54810968_C	19	54810968	C	0.000234265734265734
KIR_3DS1	rs34727739	chr19_54828148_A	19	54828148	A	0.000135231316725979
KIR_3DS1	rs684941	chr19_54816238_A	19	54816238	A	0.000126315789473684
KIR_3DS1	rs604076	chr19_54803871_C	19	54803871	C	0.00012410071942446
KIR_3DS1		chr19_54821003_AGATGATGAT	19	54821003	AGATGATGAT	0.000117543859649123
KIR_3DS1	rs671925	chr19_54820202_G	19	54820202	G	0.000117328519855596
KIR_3DS1	rs586962	chr19_54822363_A	19	54822363	A	0.000116363636363636
KIR_3DS1	rs673316	chr19_54820520_A	19	54820520	A	0.000116279069767442
KIR_3DS1	rs652671	chr19_54813668_C	19	54813668	C	0.000114695340501792
KIR_3DS1	rs755822490	chr19_54802107_A	19	54802107	A	0.000110565245439353
