"id","position","allele0","allele1","allele1_frequency_input","allele1_frequency_reference"
"seq-rs1010355",55102179,"T","C",0.0573701842546064,0.0981210855949896
"seq-rs272408",55103603,"C","T",0.827470686767169,0.78705636743215
"vh_19_59799666",55107854,"T","G",0.942629815745394,0.964509394572025
"seq-rs7255954",55109883,"A","C",0.314907872696817,0.292275574112735
"seq-rs272411",55111727,"C","T",0.270519262981575,0.252609603340292
"rs2363863",55111785,"C","T",0.328726968174204,0.323590814196242
"seq-rs4806787",55112489,"A","C",0.565326633165829,0.586638830897704
"seq-rs4078790",55112865,"C","T",0.942629815745394,0.962421711899791
"rs1000574",55114775,"C","T",0.234087102177554,0.215031315240084
"seq-rs56094502",55115944,"G","A",0.0628140703517588,0.0563674321503132
"seq-t1d-19-59808479-C-T",55116667,"T","C",0.942629815745394,0.962421711899791
"seq-rs12979115",55117029,"T","G",0.0628140703517588,0.0521920668058455
"seq-t1d-19-59809561-G-A",55117749,"A","G",0.942629815745394,0.962421711899791
"seq-rs10423021",55119768,"G","C",0.0460636515912898,0.945720250521921
"seq-rs35706559",55120404,"G","A",0.0628140703517588,0.0521920668058455
"seq-rs62133402",55120686,"C","T",0.0628140703517588,0.0563674321503132
"seq-rs11671249",55123084,"C","T",0.278056951423786,0.25678496868476
"seq-rs10411879",55123305,"A","G",0.34212730318258,0.319415448851775
"seq-rs11879469",55123737,"T","C",0.080820770519263,0.0855949895615866
"seq-rs10423364",55128339,"G","A",0.330402010050251,0.306889352818372
"seq-rs4806520",55129888,"G","A",0.375628140703518,0.269311064718163
"seq-rs8108712",55134267,"A","T",0.32998324958124,0.302713987473904
"seq-t1d-19-59826542-T-A",55134730,"A","T",0.95393634840871,0.962421711899791
"seq-t1d-19-59826559-T-C",55134747,"C","T",0.953098827470687,0.962421711899791
"seq-rs4806796",55138581,"A","G",0.330820770519263,0.298538622129436
"seq-rs2002261",55138987,"A","G",0.32998324958124,0.296450939457203
"seq-t1d-19-59830976-A-G",55139164,"G","A",0.953098827470687,0.962421711899791
"seq-rs1004443",55141499,"A","G",0.329564489112228,0.302713987473904
"seq-rs3843752",55142930,"C","T",0.328308207705193,0.298538622129436
"seq-rs1056452",55149254,"A","G",0.95393634840871,0.874739039665971
"seq-rs10426664",55153006,"G","A",0.896984924623116,0.887265135699374
"seq-rs10410382",55154764,"A","G",0.896984924623116,0.891440501043841
"seq-rs34749789",55155795,"C","T",0.897822445561139,0.887265135699374
"seq-rs8101660",55156952,"A","G",0.897403685092127,0.893528183716075
"seq-rs8102351",55157042,"C","T",0.896566164154104,0.891440501043841
"seq-rs10405574",55157697,"G","A",0.828726968174204,0.816283924843424
"seq-rs10419191",55159164,"G","A",0.879815745393635,0.8580375782881
"seq-t1d-19-59852998-C-T",55161186,"T","C",0.955192629815745,0.960334029227557
"seq-t1d-19-59853012-A-G",55161200,"A","G",0.0690954773869347,0.0772442588726514
"seq-t1d-19-59853065-G-A",55161253,"G","A",0.0690954773869347,0.0772442588726514
"seq-rs10409499",55163072,"T","A",0.878978224455611,0.851774530271399
"seq-t1d-19-59855686-G-C",55163874,"G","C",0.0695142378559464,0.0793319415448852
"seq-t1d-19-59857349-T-G",55165537,"T","G",0.0690954773869347,0.0876826722338205
"seq-t1d-19-59857666-T-G",55165854,"T","G",0.0690954773869347,0.0876826722338205
"seq-rs4806798",55166721,"A","G",0.159547738693467,0.139874739039666
"seq-t1d-19-59858641-T-C",55166829,"C","T",0.875209380234506,0.851774530271399
"seq-rs934434",55172146,"C","T",0.580402010050251,0.546972860125261
"seq-rs11574566",55172167,"G","A",0.0778894472361809,0.081419624217119
"seq-rs4806802",55173403,"G","A",0.126884422110553,0.133611691022964
"seq-rs1749313",55173542,"G","A",0.0829145728643216,0.081419624217119
"seq-rs1654668",55174213,"T","C",0.546901172529313,0.53027139874739
"seq-rs11574596",55182399,"A","C",0.69179229480737,0.766179540709812
"seq-t1d-19-59874508-C-T",55182696,"C","T",0.0887772194304858,0.0709812108559499
"seq-rs17836409",55183869,"C","T",0.134840871021776,0.108559498956159
"seq-rs1654656",55183977,"C","T",0.499581239530988,0.542797494780793
"seq-t1d-19-59877851-A-G",55186039,"G","A",0.900335008375209,0.870563674321503
"seq-t1d-19-59878067-G-A",55186255,"G","A",0.0515075376884422,0.0793319415448852
"rs1749320",55187279,"A","C",0.0636515912897822,0.0563674321503132
"seq-rs56380562",55188593,"C","G",0.806951423785595,0.881002087682672
"seq-rs2764338",55190320,"C","T",0.0632328308207705,0.0563674321503132
"seq-rs60318216",55192550,"A","G",0.834170854271357,0.78705636743215
"seq-t1d-19-59884478-A-C",55192666,"A","C",0.0925460636515913,0.0626304801670146
"seq-rs912735",55193435,"T","C",0.82286432160804,0.803757828810021
"seq-t1d-19-59886335-C-T",55194523,"T","C",0.827051926298157,0.81419624217119
"seq-rs1654658",55194681,"A","G",0.674204355108878,0.647181628392484
"seq-rs1749282",55194821,"A","G",0.154103852596315,0.164926931106472
"seq-rs1749283",55195013,"T","G",0.281407035175879,0.275574112734864
"seq-rs1749284",55195105,"T","C",0.280988274706868,0.275574112734864
"seq-rs1749285",55196411,"G","A",0.281407035175879,0.275574112734864
"seq-t1d-19-59890174-G-A",55198362,"G","A",0.281407035175879,0.275574112734864
"seq-rs35397129",55198658,"C","A",0.975293132328308,0.964509394572025
"seq-rs1749291",55199050,"G","A",0.281825795644891,0.275574112734864
"seq-rs1654663",55199244,"T","C",0.281407035175879,0.275574112734864
"seq-rs1749293",55199580,"T","A",0.280988274706868,0.275574112734864
"seq-t1d-19-59891854-G-A",55200042,"G","A",0.281407035175879,0.277661795407098
"seq-t1d-19-59892210-G-A",55200398,"G","A",0.291038525963149,0.275574112734864
"seq-t1d-19-59893157-C-A",55201345,"C","A",0.0351758793969849,0.0626304801670146
"seq-rs28378119",55202584,"A","G",0.295226130653266,0.286012526096033
"seq-rs12984563",55202747,"G","C",0.115996649916248,0.081419624217119
"seq-rs4806805",55205122,"T","C",0.295226130653266,0.288100208768267
"seq-rs8107440",55206338,"A","G",0.273869346733668,0.263048016701461
"rs10422812",55206991,"C","T",0.273869346733668,0.263048016701461
"seq-rs1570785",55207194,"G","T",0.273869346733668,0.265135699373695
"seq-rs4806807",55207900,"T","G",0.496649916247906,0.494780793319415
"seq-rs7247262",55208571,"G","A",0.657453936348409,0.624217118997912
"seq-t1d-19-59900858-G-A",55209046,"G","A",0.0443886097152429,0.0668058455114822
"rs11084366",55210598,"T","G",0.332077051926298,0.37160751565762
"seq-rs12983338",55210931,"C","T",0.587939698492462,0.519832985386221
"rs1952015",55211155,"C","T",0.887353433835846,0.849686847599165
"seq-rs8109557",55211859,"A","G",0.89070351758794,0.860125260960334
"rs11084367",55213281,"G","A",0.115996649916248,0.0417536534446764
"seq-t1d-19-59906607-G-C",55214795,"C","G",0.927973199329983,0.872651356993737
"seq-rs8107460",55214989,"T","C",0.926298157453936,0.866388308977035
"seq-rs10416527",55215632,"G","A",0.34463986599665,0.286012526096033
"seq-rs4436877",55216162,"G","A",0.34463986599665,0.286012526096033
"seq-rs4441391",55216681,"G","A",0.345477386934673,0.286012526096033
"rs12151161",55217589,"G","A",0.928810720268007,0.881002087682672
"rs270771",55220626,"C","T",0.0452261306532663,0.0459290187891441
"seq-rs56036306",55220725,"A","G",0.929229480737018,0.88517745302714
"seq-rs7249176",55221245,"G","A",0.929229480737018,0.881002087682672
"seq-rs270775",55222465,"G","C",0.525963149078727,0.534446764091858
"rs270779",55224260,"A","G",0.48534338358459,0.496868475991649
"seq-rs17207369",55224692,"T","C",0.265912897822446,0.281837160751566
"seq-rs2296370",55224785,"G","A",0.359715242881072,0.411273486430063
"seq-rs2296371",55224885,"G","A",0.396147403685092,0.453027139874739
"seq-rs11883241",55225613,"C","T",0.367252931323283,0.346555323590814
"seq-rs6509899",55225835,"G","A",0.0904522613065327,0.11482254697286
"seq-rs1325158",55226402,"C","T",0.42964824120603,0.427974947807933
"seq-rs7256392",55227879,"A","G",0.971524288107203,0.962421711899791
"seq-rs35467489",55228452,"A","G",0.26214405360134,0.2839248434238
"rs4806527",55228948,"G","A",0.105108877721943,0.0626304801670146
"rs4806533",55230529,"C","T",0.105108877721943,0.0626304801670146
"seq-t1d-19-59923351-G-A",55231539,"G","A",0.0770519262981574,0.0688935281837161
"seq-rs270785",55233850,"T","C",0.523869346733668,0.549060542797495
"seq-rs2240936",55243294,"T","C",0.377303182579564,0.369519832985386
"rs587560",55245738,"C","T",0.238693467336683,0.248434237995825
"seq-rs10409751",55249570,"C","G",0.286850921273032,0.294363256784969
"seq-rs2569686",55301811,"T","C",0.11641541038526,0.139874739039666
"rs613238",55302983,"C","T",0.660385259631491,0.586638830897704
"seq-t1d-19-59995127-G-A",55303315,"G","A",0.224455611390285,0.204592901878914
"seq-rs633522",55304308,"G","A",0.261725293132328,0.187891440501044
"seq-rs658919",55306283,"T","C",0.26465661641541,0.18580375782881
"seq-rs670795",55306645,"T","G",0.26465661641541,0.18580375782881
"seq-rs685323",55307364,"C","A",0.515494137353434,0.594989561586639
"seq-t1d-19-59999531-G-A",55307719,"G","A",0.185092127303183,0.167014613778706
"seq-rs687530",55307868,"G","A",0.101758793969849,0.179540709812109
"seq-rs34508934",55311067,"A","C",0.815745393634841,0.818371607515658
"rs589158",55314287,"G","A",0.101758793969849,0.179540709812109
"seq-rs35656676",55314897,"C","G",0.237437185929648,0.244258872651357
"seq-rs17173106",55314949,"T","C",0.237437185929648,0.244258872651357
"seq-rs597598",55315440,"G","A",0.102596314907873,0.179540709812109
"seq-t1d-19-60007809-C-G",55315997,"G","C",0.101340033500838,0.179540709812109
"rs618835",55316329,"G","A",0.554438860971524,0.62839248434238
"seq-rs10500318",55320779,"A","G",0.815745393634841,0.816283924843424
"seq-rs592645",55320927,"A","T",0.263819095477387,0.181628392484342
"seq-rs604077",55321396,"C","T",0.285175879396985,0.348643006263048
"seq-rs604999",55321597,"G","A",0.0925460636515913,0.148225469728601
"seq-t1d-19-60014013-A-C",55322201,"A","C",0.183835845896147,0.167014613778706
"rs3865507",55322376,"C","A",0.0393634840871022,0.0375782881002088
"seq-rs648689",55324474,"T","C",0.472361809045226,0.46972860125261
"rs145117817",55326739,"T","C",0.479061976549414,0.379958246346555
"seq-rs4806568",55330756,"G","A",0.0942211055276382,0.156576200417537
"seq-rs674268",55332190,"G","A",0.337520938023451,0.421711899791232
"rs12461010",55332601,"C","T",0.475293132328308,0.377870563674321
"seq-rs2295805",55336701,"G","A",0.194304857621441,0.131524008350731
"rs640345",55362859,"C","T",0.28894472361809,0.390396659707724
"seq-t1d-19-60054973-T-C",55363161,"T","C",0.180485762144054,0.139874739039666
"seq-t1d-19-60056721-C-T",55364909,"C","T",0.197236180904523,0.131524008350731
"seq-rs1654644",55373362,"T","G",0.384840871021776,0.348643006263048
"rs3826878",55377211,"A","G",0.0397822445561139,0.0354906054279749
"seq-rs17771967",55380214,"A","G",0.47822445561139,0.413361169102296
"rs11665986",55383941,"C","T",0.192211055276382,0.169102296450939
"rs11084374",55384797,"C","A",0.481574539363484,0.409185803757829
"rs12462181",55385435,"T","C",0.472780569514238,0.436325678496868
"seq-rs3816051",55385604,"T","C",0.488274706867672,0.471816283924843
"seq-rs8112766",55386920,"A","G",0.488693467336683,0.471816283924843
"rs10407012",55387953,"A","G",0.870184254606365,0.872651356993737
"rs7259347",55392755,"T","C",0.139028475711893,0.179540709812109
"seq-rs4806606",55393814,"G","A",0.648241206030151,0.64509394572025
"seq-t1d-19-60086091-G-T",55394279,"G","T",0.088358458961474,0.058455114822547
"seq-rs11671686",55394734,"G","A",0.270100502512563,0.311064718162839
"seq-rs4806607",55395545,"C","T",0.188860971524288,0.18580375782881
"seq-rs4806608",55395582,"A","G",0.190954773869347,0.18580375782881
"seq-rs1865096",55396900,"G","A",0.346733668341709,0.269311064718163
"rs1865097",55397217,"G","A",0.391959798994975,0.292275574112735
"seq-rs12972637",55398101,"G","A",0.391959798994975,0.290187891440501
"seq-rs12975083",55398235,"C","T",0.340871021775544,0.267223382045929
"seq-t1d-19-60090057-C-A",55398245,"C","A",0.0946398659966499,0.0605427974947808
"seq-rs62123425",55400292,"A","G",0.777219430485762,0.780793319415449
"seq-rs16986050",55401170,"G","A",0.777219430485762,0.807933194154488
"rs7249884",55402691,"T","G",0.0661641541038526,0.0313152400835073
"rs2278428",55418054,"A","C",0.107621440536013,0.100208768267223
"seq-rs1433097",55418458,"T","C",0.20142378559464,0.162839248434238
"seq-rs3765013",55420801,"C","A",0.272613065326633,0.244258872651357
"seq-rs3765014",55420924,"C","G",0.211474036850921,0.21294363256785
"seq-rs6509909",55422034,"C","G",0.210217755443886,0.210855949895616
"seq-rs12461420",55422857,"C","T",0.185092127303183,0.154488517745303
"seq-t1d-19-60115300-T-C",55423488,"T","C",0.210636515912898,0.181628392484342
"seq-t1d-19-60115342-C-T",55423530,"C","T",0.200167504187605,0.164926931106472
"rs16986072",55424307,"G","A",0.00963149078726968,0.0208768267223382
"seq-rs9789251",55426595,"C","G",0.152428810720268,0.123173277661795
"rs269917",55427510,"A","G",0.413316582914573,0.413361169102296
"seq-rs1671160",55428459,"C","T",0.175879396984925,0.252609603340292
"seq-rs11880295",55432529,"T","C",0.933835845896147,0.937369519832985
"seq-rs775859",55433596,"C","T",0.171273031825796,0.0855949895615866
"seq-rs16986092",55433696,"C","T",0.0343383584589615,0.0730688935281837
"rs12461856",55433852,"A","G",0.265075376884422,0.177453027139875
"seq-rs622941",55434458,"C","G",0.593383584589615,0.517745302713987
"rs623383",55434575,"A","G",0.593383584589615,0.517745302713987
"seq-rs624217",55434723,"C","A",0.421691792294807,0.427974947807933
"seq-rs550931",55434739,"T","C",0.592964824120603,0.517745302713987
"seq-rs634742",55434818,"G","A",0.421691792294807,0.427974947807933
"seq-rs269923",55435641,"G","A",0.422948073701843,0.44258872651357
"seq-rs4806624",55436805,"A","G",0.934254606365159,0.937369519832985
"seq-rs269933",55439166,"C","T",0.440117252931323,0.446764091858038
"seq-rs269938",55439821,"T","G",0.567001675041876,0.603340292275574
"seq-rs269939",55439838,"G","A",0.439698492462312,0.446764091858038
"seq-rs269940",55440357,"A","G",0.440536013400335,0.446764091858038
"seq-rs269941",55440885,"G","T",0.426716917922948,0.430062630480167
"seq-rs269942",55441068,"C","A",0.440117252931323,0.446764091858038
"seq-rs269943",55441209,"A","G",0.440117252931323,0.444676409185804
"rs269949",55441769,"A","G",0.438023450586265,0.44258872651357
"seq-rs269950",55441902,"C","T",0.438442211055276,0.444676409185804
"seq-rs269951",55441995,"G","A",0.438860971524288,0.444676409185804
"seq-rs8101834",55442410,"C","A",0.292713567839196,0.0354906054279749
"rs269955",55443424,"G","A",0.39321608040201,0.405010438413361
"seq-rs28545394",55443467,"G","A",0.294388609715243,0.248434237995825
"seq-rs269957",55445174,"T","C",0.213986599664992,0.275574112734864
"seq-rs775875",55446522,"T","A",0.247906197654941,0.325678496868476
"seq-rs1671156",55447182,"G","A",0.756281407035176,0.69937369519833
"seq-rs7359934",55447501,"G","A",0.1892797319933,0.221294363256785
"seq-rs775876",55447572,"A","G",0.667922948073702,0.659707724425887
"rs7359929",55447595,"A","G",0.197236180904523,0.237995824634656
"seq-t1d-19-60139424-G-T",55447612,"G","T",0.196817420435511,0.237995824634656
"seq-t1d-19-60139652-A-C",55447840,"A","C",0.19891122278057,0.244258872651357
"rs775879",55449755,"G","A",0.666666666666667,0.657620041753653
"seq-t1d-19-60142274-C-A",55450462,"C","A",0.0443886097152429,0.0668058455114822
"seq-rs775883",55451797,"T","C",0.628978224455611,0.647181628392484
"seq-rs775884",55451890,"C","T",0.628140703517588,0.647181628392484
"seq-rs775886",55453134,"A","G",0.601758793969849,0.599164926931106
"seq-rs7248636",55458801,"G","A",0.130234505862647,0.0730688935281837
"seq-t1d-19-60150968-G-A",55459156,"G","A",0.220268006700167,0.187891440501044
"rs11673713",55461029,"A","G",0.947654941373534,0.926931106471816
"seq-rs703475",55466857,"C","T",0.569514237855946,0.599164926931106
"rs12460693",55469212,"C","A",0.196398659966499,0.179540709812109
"seq-rs55897903",55473203,"G","A",0.747906197654941,0.74321503131524
"seq-rs269909",55480444,"C","G",0.22319932998325,0.194154488517745
"seq-rs703465",55481320,"C","G",0.23534338358459,0.260960334029228
"seq-t1d-19-60173210-G-A",55481398,"G","A",0.224036850921273,0.194154488517745
"seq-rs269913",55481669,"T","C",0.480737018425461,0.478079331941545
"seq-t1d-19-60176972-C-A",55485160,"C","A",0.100502512562814,0.0730688935281837
"seq-rs2217659",55485899,"G","A",0.168341708542714,0.167014613778706
"seq-rs775893",55486167,"C","G",0.265075376884422,0.267223382045929
"seq-t1d-19-60179962-T-C",55488150,"T","C",0.168341708542714,0.167014613778706
"seq-rs775899",55488904,"A","T",0.214824120603015,0.221294363256785
"seq-rs775900",55489349,"G","A",0.205192629815745,0.215031315240084
"seq-rs17781858",55493095,"C","G",0.146147403685092,0.1419624217119
"seq-rs55799796",55493441,"C","T",0.285175879396985,0.240083507306889
"seq-rs17699678",55493728,"T","C",0.84463986599665,0.90187891440501
"seq-rs56073572",55493847,"T","C",0.880234505862647,0.920668058455115
"seq-rs34804158",55494651,"A","G",0.289782244556114,0.240083507306889
"seq-rs7254951",55495106,"G","A",0.0414572864321608,0.0605427974947808
"seq-rs11672206",55495215,"A","G",0.260887772194305,0.227557411273486
"seq-t1d-19-60188578-C-T",55496766,"C","T",0.0477386934673367,0.0647181628392484
"seq-t1d-19-60189318-C-T",55497506,"C","T",0.281407035175879,0.242171189979123
"seq-rs11667481",55497826,"G","A",0.257956448911223,0.225469728601253
"seq-rs1036231",55497843,"T","C",0.281825795644891,0.242171189979123
"rs10412569",55497855,"A","G",0.0887772194304858,0.0459290187891441
"seq-rs7253480",55498744,"G","A",0.257956448911223,0.227557411273486
